[{"@type":"mappingTemplate","id":"@1","name":"m_parameterfile","description":"This mapping is to check if input parameters can be passes from one datatask to another in TF","bundleVersion":"0","templateId":"@3","deployTime":1685097800000,"hasParameters":true,"valid":true,"fixedConnection":true,"hasParametersDeployed":true,"fixedConnectionDeployed":true,"isSchemaValidationEnabled":false,"tasks":1,"mappingPreviewFileRecordId":"@2","documentType":"MAPPING","references":[{"@type":"reference","refObjectId":"@ilDAUjKaTOceyUVFpMkn0i","refType":"connection"},{"@type":"reference","refObjectId":"@0hPcyss1RB5brprcyJ6esQ","refType":"connection"}]}]